--Tabla CondicionEspecial
INSERT into condicionEspecial (idCondicionEspecial, descripcion) values (1, 'Ninguna');
INSERT into condicionEspecial (idCondicionEspecial, descripcion) values (2, 'Discapacidad Sensorial');
INSERT into condicionEspecial (idCondicionEspecial, descripcion) values (3, 'Discapacidad Intelectual');
INSERT into condicionEspecial (idCondicionEspecial, descripcion) values (4, 'Discapacidad psiquica');
INSERT into condicionEspecial (idCondicionEspecial, descripcion) values (5, 'Discapacidad Multiple');
INSERT into condicionEspecial (idCondicionEspecial, descripcion) values (6, 'Discapacidad Fisica');

--Tabla Telefono
insert into Telefono (idTelefono, numero, tipoTelefono, idPersona) values (1, '(499) 8195391', 'Movil', 1);
insert into Telefono (idTelefono, numero, tipoTelefono, idPersona) values (2, '(294) 4376105', 'Movil', 2);
insert into Telefono (idTelefono, numero, tipoTelefono, idPersona) values (3, '(861) 6093978', 'Casa', 3);
insert into Telefono (idTelefono, numero, tipoTelefono, idPersona) values (4, '(722) 2447053', 'Movil', 4);
insert into Telefono (idTelefono, numero, tipoTelefono, idPersona) values (5, '(132) 4648327', 'Trabajo', 5);
insert into Telefono (idTelefono, numero, tipoTelefono, idPersona) values (6, '(602) 4647848', 'Trabajo', 6);
insert into Telefono (idTelefono, numero, tipoTelefono, idPersona) values (7, '(802) 4189673', 'Movil', 7);
insert into Telefono (idTelefono, numero, tipoTelefono, idPersona) values (8, '(682) 9065486', 'Casa', 8);
insert into Telefono (idTelefono, numero, tipoTelefono, idPersona) values (9, '(381) 7377986', 'Movil', 9);
insert into Telefono (idTelefono, numero, tipoTelefono, idPersona) values (10, '(367) 5183679', 'Casa', 10);
insert into Telefono (idTelefono, numero, tipoTelefono, idPersona) values (11, '(176) 2782719', 'Trabajo', 11);
insert into Telefono (idTelefono, numero, tipoTelefono, idPersona) values (12, '(979) 9520428', 'Movil', 12);
insert into Telefono (idTelefono, numero, tipoTelefono, idPersona) values (13, '(161) 5209770', 'Movil', 13);
insert into Telefono (idTelefono, numero, tipoTelefono, idPersona) values (14, '(988) 8146146', 'Trabajo', 14);
insert into Telefono (idTelefono, numero, tipoTelefono, idPersona) values (15, '(867) 3756453', 'Trabajo', 15);
insert into Telefono (idTelefono, numero, tipoTelefono, idPersona) values (16, '(520) 6362552', 'Trabajo', 16);
insert into Telefono (idTelefono, numero, tipoTelefono, idPersona) values (17, '(522) 1246215', 'Casa', 17);
insert into Telefono (idTelefono, numero, tipoTelefono, idPersona) values (18, '(354) 7632251', 'Movil', 18);
insert into Telefono (idTelefono, numero, tipoTelefono, idPersona) values (19, '(871) 6435078', 'Casa', 19);
insert into Telefono (idTelefono, numero, tipoTelefono, idPersona) values (20, '(128) 2337420', 'Movil', 20);
insert into Telefono (idTelefono, numero, tipoTelefono, idPersona) values (21, '(201) 7588127', 'Trabajo', 21);
insert into Telefono (idTelefono, numero, tipoTelefono, idPersona) values (22, '(863) 5249701', 'Movil', 22);
insert into Telefono (idTelefono, numero, tipoTelefono, idPersona) values (23, '(162) 5107674', 'Trabajo', 23);
insert into Telefono (idTelefono, numero, tipoTelefono, idPersona) values (24, '(399) 2237505', 'Movil', 24);
insert into Telefono (idTelefono, numero, tipoTelefono, idPersona) values (25, '(640) 4442309', 'Movil', 25);
insert into Telefono (idTelefono, numero, tipoTelefono, idPersona) values (26, '(540) 3424501', 'Casa', 26);
insert into Telefono (idTelefono, numero, tipoTelefono, idPersona) values (27, '(411) 2092742', 'Trabajo', 27);
insert into Telefono (idTelefono, numero, tipoTelefono, idPersona) values (28, '(506) 7124281', 'Movil', 28);
insert into Telefono (idTelefono, numero, tipoTelefono, idPersona) values (29, '(320) 8378025', 'Movil', 29);
insert into Telefono (idTelefono, numero, tipoTelefono, idPersona) values (30, '(138) 6759124', 'Trabajo', 30);
insert into Telefono (idTelefono, numero, tipoTelefono, idPersona) values (31, '(737) 8112580', 'Trabajo', 31);
insert into Telefono (idTelefono, numero, tipoTelefono, idPersona) values (32, '(814) 3832718', 'Movil', 32);
insert into Telefono (idTelefono, numero, tipoTelefono, idPersona) values (33, '(202) 2827178', 'Casa', 33);
insert into Telefono (idTelefono, numero, tipoTelefono, idPersona) values (34, '(874) 9118574', 'Trabajo', 34);
insert into Telefono (idTelefono, numero, tipoTelefono, idPersona) values (35, '(503) 4787742', 'Casa', 35);
insert into Telefono (idTelefono, numero, tipoTelefono, idPersona) values (36, '(725) 3268303', 'Movil', 36);
insert into Telefono (idTelefono, numero, tipoTelefono, idPersona) values (37, '(314) 9388878', 'Trabajo', 37);
insert into Telefono (idTelefono, numero, tipoTelefono, idPersona) values (38, '(375) 9691976', 'Movil', 38);
insert into Telefono (idTelefono, numero, tipoTelefono, idPersona) values (39, '(966) 8447070', 'Trabajo', 39);
insert into Telefono (idTelefono, numero, tipoTelefono, idPersona) values (40, '(878) 7144552', 'Trabajo', 40);
insert into Telefono (idTelefono, numero, tipoTelefono, idPersona) values (41, '(839) 3308286', 'Trabajo', 41);
insert into Telefono (idTelefono, numero, tipoTelefono, idPersona) values (42, '(711) 4649397', 'Casa', 42);
insert into Telefono (idTelefono, numero, tipoTelefono, idPersona) values (43, '(526) 2502469', 'Casa', 43);
insert into Telefono (idTelefono, numero, tipoTelefono, idPersona) values (44, '(399) 6240071', 'Casa', 44);
insert into Telefono (idTelefono, numero, tipoTelefono, idPersona) values (45, '(294) 9984986', 'Trabajo', 45);
insert into Telefono (idTelefono, numero, tipoTelefono, idPersona) values (46, '(401) 7620465', 'Trabajo', 46);
insert into Telefono (idTelefono, numero, tipoTelefono, idPersona) values (47, '(714) 7349247', 'Movil', 47);
insert into Telefono (idTelefono, numero, tipoTelefono, idPersona) values (48, '(577) 5680618', 'Movil', 48);
insert into Telefono (idTelefono, numero, tipoTelefono, idPersona) values (49, '(597) 3041348', 'Movil', 49);
insert into Telefono (idTelefono, numero, tipoTelefono, idPersona) values (50, '(537) 2358150', 'Casa', 50);
insert into Telefono (idTelefono, numero, tipoTelefono, idPersona) values (51, '(454) 3989128', 'Movil', 51);
insert into Telefono (idTelefono, numero, tipoTelefono, idPersona) values (52, '(935) 2569126', 'Casa', 52);
insert into Telefono (idTelefono, numero, tipoTelefono, idPersona) values (53, '(503) 2491413', 'Trabajo', 53);
insert into Telefono (idTelefono, numero, tipoTelefono, idPersona) values (54, '(281) 7003011', 'Casa', 54);
insert into Telefono (idTelefono, numero, tipoTelefono, idPersona) values (55, '(212) 6184648', 'Trabajo', 55);
insert into Telefono (idTelefono, numero, tipoTelefono, idPersona) values (56, '(497) 9363292', 'Movil', 56);
insert into Telefono (idTelefono, numero, tipoTelefono, idPersona) values (57, '(331) 2526574', 'Casa', 57);
insert into Telefono (idTelefono, numero, tipoTelefono, idPersona) values (58, '(509) 5192235', 'Casa', 58);
insert into Telefono (idTelefono, numero, tipoTelefono, idPersona) values (59, '(351) 1248555', 'Trabajo', 59);
insert into Telefono (idTelefono, numero, tipoTelefono, idPersona) values (60, '(848) 4173222', 'Movil', 60);
insert into Telefono (idTelefono, numero, tipoTelefono, idPersona) values (61, '(874) 4415895', 'Movil', 61);
insert into Telefono (idTelefono, numero, tipoTelefono, idPersona) values (62, '(404) 9824102', 'Casa', 62);
insert into Telefono (idTelefono, numero, tipoTelefono, idPersona) values (63, '(901) 2240983', 'Movil', 63);
insert into Telefono (idTelefono, numero, tipoTelefono, idPersona) values (64, '(662) 9853808', 'Trabajo', 64);
insert into Telefono (idTelefono, numero, tipoTelefono, idPersona) values (65, '(271) 6316950', 'Trabajo', 65);
insert into Telefono (idTelefono, numero, tipoTelefono, idPersona) values (66, '(960) 9084403', 'Casa', 66);
insert into Telefono (idTelefono, numero, tipoTelefono, idPersona) values (67, '(837) 5602008', 'Casa', 67);
insert into Telefono (idTelefono, numero, tipoTelefono, idPersona) values (68, '(922) 4433735', 'Movil', 68);
insert into Telefono (idTelefono, numero, tipoTelefono, idPersona) values (69, '(555) 9423046', 'Trabajo', 69);
insert into Telefono (idTelefono, numero, tipoTelefono, idPersona) values (70, '(207) 7476967', 'Casa', 70);
insert into Telefono (idTelefono, numero, tipoTelefono, idPersona) values (71, '(889) 5959331', 'Movil', 71);
insert into Telefono (idTelefono, numero, tipoTelefono, idPersona) values (72, '(113) 4730472', 'Trabajo', 72);
insert into Telefono (idTelefono, numero, tipoTelefono, idPersona) values (73, '(202) 5580806', 'Casa', 73);
insert into Telefono (idTelefono, numero, tipoTelefono, idPersona) values (74, '(575) 6886712', 'Trabajo', 74);
insert into Telefono (idTelefono, numero, tipoTelefono, idPersona) values (75, '(536) 7267254', 'Casa', 75);
insert into Telefono (idTelefono, numero, tipoTelefono, idPersona) values (76, '(926) 7133435', 'Movil', 76);
insert into Telefono (idTelefono, numero, tipoTelefono, idPersona) values (77, '(610) 8936472', 'Casa', 77);
insert into Telefono (idTelefono, numero, tipoTelefono, idPersona) values (78, '(983) 7247092', 'Casa', 78);
insert into Telefono (idTelefono, numero, tipoTelefono, idPersona) values (79, '(127) 1762329', 'Trabajo', 79);
insert into Telefono (idTelefono, numero, tipoTelefono, idPersona) values (80, '(492) 7667032', 'Movil', 80);
insert into Telefono (idTelefono, numero, tipoTelefono, idPersona) values (81, '(173) 6016367', 'Movil', 81);
insert into Telefono (idTelefono, numero, tipoTelefono, idPersona) values (82, '(638) 1510785', 'Trabajo', 82);
insert into Telefono (idTelefono, numero, tipoTelefono, idPersona) values (83, '(713) 9384291', 'Trabajo', 83);
insert into Telefono (idTelefono, numero, tipoTelefono, idPersona) values (84, '(704) 2903900', 'Trabajo', 84);
insert into Telefono (idTelefono, numero, tipoTelefono, idPersona) values (85, '(785) 1693043', 'Movil', 85);
insert into Telefono (idTelefono, numero, tipoTelefono, idPersona) values (86, '(773) 7449520', 'Trabajo', 86);
insert into Telefono (idTelefono, numero, tipoTelefono, idPersona) values (87, '(486) 4081668', 'Movil', 87);
insert into Telefono (idTelefono, numero, tipoTelefono, idPersona) values (88, '(348) 4097302', 'Casa', 88);
insert into Telefono (idTelefono, numero, tipoTelefono, idPersona) values (89, '(502) 8714823', 'Movil', 89);
insert into Telefono (idTelefono, numero, tipoTelefono, idPersona) values (90, '(191) 9163761', 'Trabajo', 90);
insert into Telefono (idTelefono, numero, tipoTelefono, idPersona) values (91, '(978) 1118963', 'Casa', 91);
insert into Telefono (idTelefono, numero, tipoTelefono, idPersona) values (92, '(560) 5331169', 'Trabajo', 92);
insert into Telefono (idTelefono, numero, tipoTelefono, idPersona) values (93, '(217) 8813345', 'Trabajo', 93);
insert into Telefono (idTelefono, numero, tipoTelefono, idPersona) values (94, '(520) 2212781', 'Casa', 94);
insert into Telefono (idTelefono, numero, tipoTelefono, idPersona) values (95, '(888) 4192661', 'Movil', 95);
insert into Telefono (idTelefono, numero, tipoTelefono, idPersona) values (96, '(688) 8635742', 'Trabajo', 96);
insert into Telefono (idTelefono, numero, tipoTelefono, idPersona) values (97, '(141) 1264521', 'Trabajo', 97);
insert into Telefono (idTelefono, numero, tipoTelefono, idPersona) values (98, '(722) 9424668', 'Movil', 98);
insert into Telefono (idTelefono, numero, tipoTelefono, idPersona) values (99, '(213) 4376804', 'Movil', 99);
insert into Telefono (idTelefono, numero, tipoTelefono, idPersona) values (100, '(439) 9825741', 'Casa', 100);

--Tabla TipoEmpleado
insert into TipoEmpleado (idTipoEmpleado, descripcion) values (1, 'Gerente');
insert into TipoEmpleado (idTipoEmpleado, descripcion) values (2, 'Farmaceutico');
insert into TipoEmpleado (idTipoEmpleado, descripcion) values (3, 'Conserje');
insert into TipoEmpleado (idTipoEmpleado, descripcion) values (4, 'Aseo');

--Tabla Sucrusal
insert into TipoEmpleado (idSucursa, nombre, direccion, telefono) values (1, 'UNAH', '53562 Morrow Drive', '(335) 7145804');
insert into TipoEmpleado (idSucursa, nombre, direccion, telefono) values (2, 'Blv. Suyapa', '950 Del Mar Avenue', '(298) 7610966');
insert into TipoEmpleado (idSucursa, nombre, direccion, telefono) values (3, 'Blv. Fuerzas Armadas', '0 Union Park', '(235) 8222044');
insert into TipoEmpleado (idSucursa, nombre, direccion, telefono) values (4, 'Cascadas Mall', '7190 Grim Trail', '(386) 9631943');
insert into TipoEmpleado (idSucursa, nombre, direccion, telefono) values (5, 'Multiplaza', '925 Delaware Crossing', '(503) 8061141');

--Tabla Persona 
insert into Persona (idPersona, pnombre, snombre, papellido, sapellido, identidad, correo, fechaNacimiento, genero, direccion, idCondicionEspecial, estadoPersona) values (1, 'Patti', 'Allissa', 'Cossans', 'Jorry', '885-38-1271', 'ajorry0@zimbio.com', '1981-11-05', 'F', '97 Briar Crest Way', 1, 'A');
insert into Persona (idPersona, pnombre, snombre, papellido, sapellido, identidad, correo, fechaNacimiento, genero, direccion, idCondicionEspecial, estadoPersona) values (2, 'Janella', 'Maureene', 'Rew', 'Webermann', '372-39-7549', 'mwebermann1@about.com', '1976-03-28', 'F', '23510 Harper Avenue', 1, 'A');
insert into Persona (idPersona, pnombre, snombre, papellido, sapellido, identidad, correo, fechaNacimiento, genero, direccion, idCondicionEspecial, estadoPersona) values (3, 'Mellisa', 'Hilliary', 'Erratt', 'Singleton', '864-18-5625', 'hsingleton2@netvibes.com', '1969-01-18', 'F', '50961 Maple Wood Parkway', 1, 'A');
insert into Persona (idPersona, pnombre, snombre, papellido, sapellido, identidad, correo, fechaNacimiento, genero, direccion, idCondicionEspecial, estadoPersona) values (4, 'Hasheem', 'Had', 'Rees', 'Maken', '699-19-5146', 'hmaken3@so-net.ne.jp', '1980-07-02', 'M', '81158 Grover Plaza', 2, 'A');
insert into Persona (idPersona, pnombre, snombre, papellido, sapellido, identidad, correo, fechaNacimiento, genero, direccion, idCondicionEspecial, estadoPersona) values (5, 'Dukey', 'Briggs', 'Kimbury', 'Dunstone', '189-73-8025', 'bdunstone4@plala.or.jp', '1992-07-13', 'M', '69980 Summer Ridge Point', 4, 'A');
insert into Persona (idPersona, pnombre, snombre, papellido, sapellido, identidad, correo, fechaNacimiento, genero, direccion, idCondicionEspecial, estadoPersona) values (6, 'Jamey', 'Luke', 'McCunn', 'Clementel', '451-84-9579', 'lclementel5@harvard.edu', '1974-02-11', 'M', '10217 Moulton Circle', 3, 'A');
insert into Persona (idPersona, pnombre, snombre, papellido, sapellido, identidad, correo, fechaNacimiento, genero, direccion, idCondicionEspecial, estadoPersona) values (7, 'Lauritz', 'Binky', 'Bessant', 'Babbe', '824-20-1517', 'bbabbe6@blog.com', '1999-06-27', 'M', '1440 Lighthouse Bay Lane', 1, 'A');
insert into Persona (idPersona, pnombre, snombre, papellido, sapellido, identidad, correo, fechaNacimiento, genero, direccion, idCondicionEspecial, estadoPersona) values (8, 'Saundra', 'Winifield', 'Spinige', 'Gerdes', '676-40-3719', 'wgerdes7@oracle.com', '1961-09-05', 'M', '44 Arizona Hill', 3, 'A');
insert into Persona (idPersona, pnombre, snombre, papellido, sapellido, identidad, correo, fechaNacimiento, genero, direccion, idCondicionEspecial, estadoPersona) values (9, 'Rod', 'Germain', 'Luckin', 'Proswell', '314-99-9779', 'gproswell8@cbc.ca', '1986-04-22', 'M', '45085 Pearson Plaza', 4, 'A');
insert into Persona (idPersona, pnombre, snombre, papellido, sapellido, identidad, correo, fechaNacimiento, genero, direccion, idCondicionEspecial, estadoPersona) values (10, 'Ashlan', 'Minette', 'MacCarrick', 'Carryer', '215-60-2586', 'mcarryer9@g.co', '1974-01-19', 'F', '18 Cascade Drive', 5, 'A');
insert into Persona (idPersona, pnombre, snombre, papellido, sapellido, identidad, correo, fechaNacimiento, genero, direccion, idCondicionEspecial, estadoPersona) values (11, 'Torry', 'Kenny', 'Paike', 'Bartoszewski', '384-62-1272', 'kbartoszewskia@nymag.com', '1973-04-18', 'M', '514 Grayhawk Junction', 2, 'A');
insert into Persona (idPersona, pnombre, snombre, papellido, sapellido, identidad, correo, fechaNacimiento, genero, direccion, idCondicionEspecial, estadoPersona) values (12, 'Nisse', 'Cassie', 'Palmar', 'Skene', '823-22-1069', 'cskeneb@cloudflare.com', '1971-06-06', 'F', '1203 Caliangt Drive', 2, 'A');
insert into Persona (idPersona, pnombre, snombre, papellido, sapellido, identidad, correo, fechaNacimiento, genero, direccion, idCondicionEspecial, estadoPersona) values (13, 'Tiebout', 'Bert', 'Pettitt', 'Dickens', '602-13-8466', 'bdickensc@taobao.com', '1996-04-21', 'M', '14 Lukken Court', 4, 'A');
insert into Persona (idPersona, pnombre, snombre, papellido, sapellido, identidad, correo, fechaNacimiento, genero, direccion, idCondicionEspecial, estadoPersona) values (14, 'Saudra', 'Niki', 'Piola', 'Kave', '181-37-9353', 'nkaved@yandex.ru', '1968-04-25', 'F', '1 Arapahoe Place', 4, 'A');
insert into Persona (idPersona, pnombre, snombre, papellido, sapellido, identidad, correo, fechaNacimiento, genero, direccion, idCondicionEspecial, estadoPersona) values (15, 'Ronald', 'Guido', 'Jemmett', 'Billingsly', '381-43-8362', 'gbillingslye@phoca.cz', '1983-03-14', 'M', '71221 Ridgeview Crossing', 3, 'A');
insert into Persona (idPersona, pnombre, snombre, papellido, sapellido, identidad, correo, fechaNacimiento, genero, direccion, idCondicionEspecial, estadoPersona) values (16, 'Myrilla', 'Rodi', 'Gotecliffe', 'Heatherington', '436-17-0593', 'rheatheringtonf@tinyurl.com', '1971-10-05', 'F', '19 Laurel Parkway', 3, 'A');
insert into Persona (idPersona, pnombre, snombre, papellido, sapellido, identidad, correo, fechaNacimiento, genero, direccion, idCondicionEspecial, estadoPersona) values (17, 'Kaine', 'Demetre', 'Forrest', 'Geoghegan', '607-15-1805', 'dgeoghegang@nsw.gov.au', '1990-07-21', 'M', '92161 Lakewood Gardens Drive', 1, 'A');
insert into Persona (idPersona, pnombre, snombre, papellido, sapellido, identidad, correo, fechaNacimiento, genero, direccion, idCondicionEspecial, estadoPersona) values (18, 'Johnathon', 'Holly', 'Drowsfield', 'Cuthill', '586-33-6810', 'hcuthillh@webeden.co.uk', '1981-09-02', 'M', '2 Gulseth Parkway', 2, 'A');
insert into Persona (idPersona, pnombre, snombre, papellido, sapellido, identidad, correo, fechaNacimiento, genero, direccion, idCondicionEspecial, estadoPersona) values (19, 'Gabriella', 'Joelle', 'Le feuvre', 'Piperley', '641-89-1885', 'jpiperleyi@unblog.fr', '1968-04-02', 'F', '9 Darwin Place', 3, 'A');
insert into Persona (idPersona, pnombre, snombre, papellido, sapellido, identidad, correo, fechaNacimiento, genero, direccion, idCondicionEspecial, estadoPersona) values (20, 'Cristina', 'Eadith', 'Botright', 'Dannell', '153-31-5272', 'edannellj@reuters.com', '1999-10-15', 'F', '358 Kedzie Place', 3, 'A');
insert into Persona (idPersona, pnombre, snombre, papellido, sapellido, identidad, correo, fechaNacimiento, genero, direccion, idCondicionEspecial, estadoPersona) values (21, 'Monroe', 'Rhett', 'Tierny', 'Cerro', '158-61-3174', 'rcerrok@slashdot.org', '1989-08-29', 'M', '4642 Bunting Hill', 1, 'A');
insert into Persona (idPersona, pnombre, snombre, papellido, sapellido, identidad, correo, fechaNacimiento, genero, direccion, idCondicionEspecial, estadoPersona) values (22, 'Eleonore', 'Mufi', 'Hubbard', 'Tedder', '390-16-4640', 'mtedderl@wordpress.com', '1980-11-03', 'F', '62198 Florence Junction', 1, 'A');
insert into Persona (idPersona, pnombre, snombre, papellido, sapellido, identidad, correo, fechaNacimiento, genero, direccion, idCondicionEspecial, estadoPersona) values (23, 'Waverley', 'Amos', 'Haggath', 'Tointon', '795-65-5538', 'atointonm@naver.com', '1998-10-23', 'M', '8127 Beilfuss Parkway', 3, 'A');
insert into Persona (idPersona, pnombre, snombre, papellido, sapellido, identidad, correo, fechaNacimiento, genero, direccion, idCondicionEspecial, estadoPersona) values (24, 'Michaela', 'Umeko', 'Micco', 'Twelvetree', '284-08-6045', 'utwelvetreen@mac.com', '1984-07-22', 'F', '81974 Loftsgordon Terrace', 3, 'A');
insert into Persona (idPersona, pnombre, snombre, papellido, sapellido, identidad, correo, fechaNacimiento, genero, direccion, idCondicionEspecial, estadoPersona) values (25, 'Lise', 'Deloria', 'Deedes', 'McChesney', '183-57-5962', 'dmcchesneyo@dailymotion.com', '1960-10-12', 'F', '1 Nancy Drive', 5, 'A');
insert into Persona (idPersona, pnombre, snombre, papellido, sapellido, identidad, correo, fechaNacimiento, genero, direccion, idCondicionEspecial, estadoPersona) values (26, 'Evita', 'Hildagarde', 'Duchesne', 'Audley', '383-95-3666', 'haudleyp@wix.com', '1967-02-02', 'F', '14128 High Crossing Lane', 3, 'A');
insert into Persona (idPersona, pnombre, snombre, papellido, sapellido, identidad, correo, fechaNacimiento, genero, direccion, idCondicionEspecial, estadoPersona) values (27, 'Ruthy', 'Morganica', 'Want', 'Chalfain', '655-26-1049', 'mchalfainq@ocn.ne.jp', '1992-05-25', 'F', '73179 Saint Paul Point', 2, 'A');
insert into Persona (idPersona, pnombre, snombre, papellido, sapellido, identidad, correo, fechaNacimiento, genero, direccion, idCondicionEspecial, estadoPersona) values (28, 'Aldous', 'Matias', 'Nation', 'Bernhard', '784-75-3371', 'mbernhardr@list-manage.com', '1964-03-11', 'M', '790 Kensington Point', 4, 'A');
insert into Persona (idPersona, pnombre, snombre, papellido, sapellido, identidad, correo, fechaNacimiento, genero, direccion, idCondicionEspecial, estadoPersona) values (29, 'Carissa', 'Emylee', 'Pettendrich', 'Kirkpatrick', '839-97-6481', 'ekirkpatricks@pinterest.com', '1967-12-29', 'F', '59 Stang Park', 5, 'A');
insert into Persona (idPersona, pnombre, snombre, papellido, sapellido, identidad, correo, fechaNacimiento, genero, direccion, idCondicionEspecial, estadoPersona) values (30, 'Andrus', 'Glyn', 'Soares', 'Cullabine', '849-94-0381', 'gcullabinet@unc.edu', '1966-08-04', 'M', '62 Declaration Junction', 4, 'A');
insert into Persona (idPersona, pnombre, snombre, papellido, sapellido, identidad, correo, fechaNacimiento, genero, direccion, idCondicionEspecial, estadoPersona) values (31, 'Christopher', 'Mohammed', 'Munnery', 'Covey', '517-18-6583', 'mcoveyu@dagondesign.com', '1983-10-12', 'M', '7803 Stephen Pass', 3, 'A');
insert into Persona (idPersona, pnombre, snombre, papellido, sapellido, identidad, correo, fechaNacimiento, genero, direccion, idCondicionEspecial, estadoPersona) values (32, 'Sim', 'Alaster', 'LAbbet', 'Vasyunin', '753-17-7669', 'avasyuninv@accuweather.com', '1989-08-29', 'M', '83 Mayer Junction', 4, 'A');
insert into Persona (idPersona, pnombre, snombre, papellido, sapellido, identidad, correo, fechaNacimiento, genero, direccion, idCondicionEspecial, estadoPersona) values (33, 'Filippa', 'Dagmar', 'Upstell', 'Leffek', '829-48-3202', 'dleffekw@chron.com', '1993-06-24', 'F', '805 Gale Alley', 2, 'A');
insert into Persona (idPersona, pnombre, snombre, papellido, sapellido, identidad, correo, fechaNacimiento, genero, direccion, idCondicionEspecial, estadoPersona) values (34, 'Salem', 'Josh', 'Malshinger', 'Cary', '812-12-8471', 'jcaryx@fda.gov', '1989-11-08', 'M', '39 Express Plaza', 3, 'A');
insert into Persona (idPersona, pnombre, snombre, papellido, sapellido, identidad, correo, fechaNacimiento, genero, direccion, idCondicionEspecial, estadoPersona) values (35, 'Andie', 'Carey', 'Laborda', 'Goodwell', '546-86-6530', 'cgoodwelly@imageshack.us', '1987-12-10', 'M', '76 David Center', 3, 'A');
insert into Persona (idPersona, pnombre, snombre, papellido, sapellido, identidad, correo, fechaNacimiento, genero, direccion, idCondicionEspecial, estadoPersona) values (36, 'Dolley', 'Marcy', 'Tosney', 'Chang', '113-90-1509', 'mchangz@printfriendly.com', '1997-11-29', 'F', '1 Doe Crossing Way', 4, 'A');
insert into Persona (idPersona, pnombre, snombre, papellido, sapellido, identidad, correo, fechaNacimiento, genero, direccion, idCondicionEspecial, estadoPersona) values (37, 'Ellswerth', 'Stavro', 'Babbidge', 'Wheble', '128-28-5214', 'swheble10@salon.com', '1992-01-24', 'M', '9 John Wall Hill', 2, 'A');
insert into Persona (idPersona, pnombre, snombre, papellido, sapellido, identidad, correo, fechaNacimiento, genero, direccion, idCondicionEspecial, estadoPersona) values (38, 'Gar', 'Brucie', 'Gagie', 'Bernollet', '869-52-7745', 'bbernollet11@artisteer.com', '1988-06-14', 'M', '180 Magdeline Way', 3, 'A');
insert into Persona (idPersona, pnombre, snombre, papellido, sapellido, identidad, correo, fechaNacimiento, genero, direccion, idCondicionEspecial, estadoPersona) values (39, 'Chelsea', 'Marge', 'Antusch', 'Harrell', '592-97-6278', 'mharrell12@loc.gov', '1970-01-15', 'F', '5 Talmadge Drive', 1, 'A');
insert into Persona (idPersona, pnombre, snombre, papellido, sapellido, identidad, correo, fechaNacimiento, genero, direccion, idCondicionEspecial, estadoPersona) values (40, 'Shawnee', 'Virgina', 'Healy', 'Woolham', '453-04-1239', 'vwoolham13@storify.com', '1963-01-06', 'F', '4254 3rd Avenue', 4, 'A');
insert into Persona (idPersona, pnombre, snombre, papellido, sapellido, identidad, correo, fechaNacimiento, genero, direccion, idCondicionEspecial, estadoPersona) values (41, 'Tara', 'Tobi', 'Ingles', 'Laughtisse', '226-55-2359', 'tlaughtisse14@tamu.edu', '1966-05-04', 'F', '2672 Carberry Park', 2, 'A');
insert into Persona (idPersona, pnombre, snombre, papellido, sapellido, identidad, correo, fechaNacimiento, genero, direccion, idCondicionEspecial, estadoPersona) values (42, 'Kerwinn', 'Vernon', 'Dressel', 'Wimpenny', '290-74-0809', 'vwimpenny15@dyndns.org', '1982-02-23', 'M', '81 Shasta Pass', 2, 'A');
insert into Persona (idPersona, pnombre, snombre, papellido, sapellido, identidad, correo, fechaNacimiento, genero, direccion, idCondicionEspecial, estadoPersona) values (43, 'Bartram', 'Freddy', 'Sweeney', 'Tharme', '795-93-4079', 'ftharme16@geocities.com', '1987-05-25', 'M', '21736 Morrow Road', 3, 'A');
insert into Persona (idPersona, pnombre, snombre, papellido, sapellido, identidad, correo, fechaNacimiento, genero, direccion, idCondicionEspecial, estadoPersona) values (44, 'Skipper', 'Haslett', 'Chilton', 'Walkey', '182-16-6213', 'hwalkey17@google.es', '1983-06-24', 'M', '6189 Boyd Lane', 3, 'A');
insert into Persona (idPersona, pnombre, snombre, papellido, sapellido, identidad, correo, fechaNacimiento, genero, direccion, idCondicionEspecial, estadoPersona) values (45, 'Mil', 'Gina', 'D''Ugo', 'Mowsley', '437-84-8136', 'gmowsley18@illinois.edu', '1962-07-24', 'F', '00702 South Avenue', 4, 'A');
insert into Persona (idPersona, pnombre, snombre, papellido, sapellido, identidad, correo, fechaNacimiento, genero, direccion, idCondicionEspecial, estadoPersona) values (46, 'Della', 'Harlie', 'Danzelman', 'O''Fogarty', '137-15-4769', 'hofogarty19@vinaora.com', '1989-04-26', 'F', '099 Laurel Court', 5, 'A');
insert into Persona (idPersona, pnombre, snombre, papellido, sapellido, identidad, correo, fechaNacimiento, genero, direccion, idCondicionEspecial, estadoPersona) values (47, 'Vladamir', 'Keane', 'Curuclis', 'Itzhak', '327-38-3817', 'kitzhak1a@msu.edu', '1978-09-18', 'M', '3949 Mariners Cove Court', 5, 'A');
insert into Persona (idPersona, pnombre, snombre, papellido, sapellido, identidad, correo, fechaNacimiento, genero, direccion, idCondicionEspecial, estadoPersona) values (48, 'Alane', 'Isa', 'Mazonowicz', 'Alleway', '298-55-6486', 'ialleway1b@infoseek.co.jp', '1982-12-16', 'F', '31100 Menomonie Pass', 1, 'A');
insert into Persona (idPersona, pnombre, snombre, papellido, sapellido, identidad, correo, fechaNacimiento, genero, direccion, idCondicionEspecial, estadoPersona) values (49, 'Shara', 'Ashlen', 'Leason', 'Witcomb', '512-24-6993', 'awitcomb1c@163.com', '1992-03-19', 'F', '77177 Sherman Lane', 5, 'A');
insert into Persona (idPersona, pnombre, snombre, papellido, sapellido, identidad, correo, fechaNacimiento, genero, direccion, idCondicionEspecial, estadoPersona) values (50, 'Violet', 'Orelie', 'Burden', 'Dilland', '600-72-3917', 'odilland1d@blinklist.com', '1970-03-16', 'F', '92 Eagan Street', 5, 'A');
insert into Persona (idPersona, pnombre, snombre, papellido, sapellido, identidad, correo, fechaNacimiento, genero, direccion, idCondicionEspecial, estadoPersona) values (51, 'Nadeen', 'Evonne', 'Bemand', 'Easun', '460-28-1061', 'eeasun1e@mtv.com', '1972-06-10', 'F', '50400 Steensland Park', 4, 'A');
insert into Persona (idPersona, pnombre, snombre, papellido, sapellido, identidad, correo, fechaNacimiento, genero, direccion, idCondicionEspecial, estadoPersona) values (52, 'Cheston', 'Emmit', 'Braywood', 'Cliburn', '520-82-8992', 'ecliburn1f@g.co', '1966-03-21', 'M', '525 Springs Alley', 4, 'A');
insert into Persona (idPersona, pnombre, snombre, papellido, sapellido, identidad, correo, fechaNacimiento, genero, direccion, idCondicionEspecial, estadoPersona) values (53, 'Elora', 'Myrna', 'D''Ambrosi', 'Cotgrove', '566-70-8827', 'mcotgrove1g@cbsnews.com', '1974-06-22', 'F', '04 Elgar Lane', 4, 'A');
insert into Persona (idPersona, pnombre, snombre, papellido, sapellido, identidad, correo, fechaNacimiento, genero, direccion, idCondicionEspecial, estadoPersona) values (54, 'Ingemar', 'Brnaby', 'Cammock', 'Gipson', '422-78-9195', 'bgipson1h@1und1.de', '1962-08-26', 'M', '123 Mayer Avenue', 1, 'A');
insert into Persona (idPersona, pnombre, snombre, papellido, sapellido, identidad, correo, fechaNacimiento, genero, direccion, idCondicionEspecial, estadoPersona) values (55, 'Larine', 'Nolie', 'Lammin', 'Realff', '156-30-6453', 'nrealff1i@cornell.edu', '1981-12-14', 'F', '24 La Follette Drive', 2, 'A');
insert into Persona (idPersona, pnombre, snombre, papellido, sapellido, identidad, correo, fechaNacimiento, genero, direccion, idCondicionEspecial, estadoPersona) values (56, 'Margaret', 'Tamma', 'Shugg', 'Bountiff', '126-54-6433', 'tbountiff1j@webs.com', '1972-07-22', 'F', '5 Corscot Hill', 1, 'A');
insert into Persona (idPersona, pnombre, snombre, papellido, sapellido, identidad, correo, fechaNacimiento, genero, direccion, idCondicionEspecial, estadoPersona) values (57, 'Flory', 'Jobina', 'Ceillier', 'Cavanagh', '224-41-7760', 'jcavanagh1k@admin.ch', '1985-08-07', 'F', '52140 Cordelia Point', 3, 'A');
insert into Persona (idPersona, pnombre, snombre, papellido, sapellido, identidad, correo, fechaNacimiento, genero, direccion, idCondicionEspecial, estadoPersona) values (58, 'Leeann', 'Elladine', 'Abelson', 'Bonass', '786-41-9801', 'ebonass1l@cafepress.com', '1993-11-04', 'F', '206 Hanover Pass', 3, 'A');
insert into Persona (idPersona, pnombre, snombre, papellido, sapellido, identidad, correo, fechaNacimiento, genero, direccion, idCondicionEspecial, estadoPersona) values (59, 'Mariele', 'Chelsae', 'Rodinger', 'Karle', '765-74-6013', 'ckarle1m@delicious.com', '1973-02-27', 'F', '41036 Oneill Circle', 4, 'A');
insert into Persona (idPersona, pnombre, snombre, papellido, sapellido, identidad, correo, fechaNacimiento, genero, direccion, idCondicionEspecial, estadoPersona) values (60, 'Dulsea', 'Charmain', 'Erni', 'Waddy', '679-62-6615', 'cwaddy1n@spiegel.de', '1989-02-27', 'F', '1 Reindahl Way', 5, 'A');
insert into Persona (idPersona, pnombre, snombre, papellido, sapellido, identidad, correo, fechaNacimiento, genero, direccion, idCondicionEspecial, estadoPersona) values (61, 'Bryn', 'Gabrila', 'Foulstone', 'Upcraft', '591-32-4304', 'gupcraft1o@paginegialle.it', '1970-07-13', 'F', '57722 Everett Drive', 3, 'A');
insert into Persona (idPersona, pnombre, snombre, papellido, sapellido, identidad, correo, fechaNacimiento, genero, direccion, idCondicionEspecial, estadoPersona) values (62, 'Lloyd', 'Emmet', 'Bellenie', 'Halegarth', '621-45-6330', 'ehalegarth1p@youtu.be', '1987-11-01', 'M', '319 Kingsford Terrace', 2, 'A');
insert into Persona (idPersona, pnombre, snombre, papellido, sapellido, identidad, correo, fechaNacimiento, genero, direccion, idCondicionEspecial, estadoPersona) values (63, 'Hartwell', 'Graehme', 'Brewers', 'Presland', '795-96-5396', 'gpresland1q@about.com', '1985-11-25', 'M', '860 Tony Trail', 4, 'A');
insert into Persona (idPersona, pnombre, snombre, papellido, sapellido, identidad, correo, fechaNacimiento, genero, direccion, idCondicionEspecial, estadoPersona) values (64, 'Trent', 'Trev', 'Farrington', 'Spiby', '616-89-9513', 'tspiby1r@ft.com', '1986-05-14', 'M', '06 Luster Pass', 4, 'A');
insert into Persona (idPersona, pnombre, snombre, papellido, sapellido, identidad, correo, fechaNacimiento, genero, direccion, idCondicionEspecial, estadoPersona) values (65, 'Rebbecca', 'Zarla', 'Bayston', 'Matijevic', '531-08-7911', 'zmatijevic1s@jiathis.com', '1966-10-25', 'F', '295 Express Alley', 2, 'A');
insert into Persona (idPersona, pnombre, snombre, papellido, sapellido, identidad, correo, fechaNacimiento, genero, direccion, idCondicionEspecial, estadoPersona) values (66, 'Rollo', 'Carlyle', 'Brognot', 'Loram', '362-32-2430', 'cloram1t@irs.gov', '1974-03-14', 'M', '2 Declaration Drive', 2, 'A');
insert into Persona (idPersona, pnombre, snombre, papellido, sapellido, identidad, correo, fechaNacimiento, genero, direccion, idCondicionEspecial, estadoPersona) values (67, 'Ina', 'Minni', 'Tilliard', 'Laboune', '414-96-5622', 'mlaboune1u@techcrunch.com', '1992-04-30', 'F', '2 Victoria Point', 1, 'A');
insert into Persona (idPersona, pnombre, snombre, papellido, sapellido, identidad, correo, fechaNacimiento, genero, direccion, idCondicionEspecial, estadoPersona) values (68, 'Jena', 'Jermaine', 'Eliff', 'Dampier', '152-61-5694', 'jdampier1v@upenn.edu', '1999-09-14', 'F', '6183 Bashford Place', 3, 'A');
insert into Persona (idPersona, pnombre, snombre, papellido, sapellido, identidad, correo, fechaNacimiento, genero, direccion, idCondicionEspecial, estadoPersona) values (69, 'Gwenore', 'Herta', 'Lauritsen', 'Mullineux', '703-72-1189', 'hmullineux1w@deviantart.com', '1972-12-17', 'F', '1 Red Cloud Court', 2, 'A');
insert into Persona (idPersona, pnombre, snombre, papellido, sapellido, identidad, correo, fechaNacimiento, genero, direccion, idCondicionEspecial, estadoPersona) values (70, 'Adan', 'Corty', 'Swayland', 'Zuanazzi', '893-60-5955', 'czuanazzi1x@devhub.com', '1973-11-21', 'M', '255 Golden Leaf Lane', 4, 'A');
insert into Persona (idPersona, pnombre, snombre, papellido, sapellido, identidad, correo, fechaNacimiento, genero, direccion, idCondicionEspecial, estadoPersona) values (71, 'Thibaut', 'Robinet', 'Eveque', 'Vint', '692-22-7859', 'rvint1y@telegraph.co.uk', '1969-10-26', 'M', '45264 Mockingbird Street', 3, 'A');
insert into Persona (idPersona, pnombre, snombre, papellido, sapellido, identidad, correo, fechaNacimiento, genero, direccion, idCondicionEspecial, estadoPersona) values (72, 'Bonny', 'Lyndsey', 'Francecione', 'Pitkeathly', '328-73-1190', 'lpitkeathly1z@amazon.co.uk', '1965-11-03', 'F', '02995 Everett Plaza', 1, 'A');
insert into Persona (idPersona, pnombre, snombre, papellido, sapellido, identidad, correo, fechaNacimiento, genero, direccion, idCondicionEspecial, estadoPersona) values (73, 'Ellsworth', 'Garvin', 'Osgar', 'Bertenshaw', '860-21-3713', 'gbertenshaw20@hao123.com', '1990-04-05', 'M', '862 Armistice Way', 3, 'A');
insert into Persona (idPersona, pnombre, snombre, papellido, sapellido, identidad, correo, fechaNacimiento, genero, direccion, idCondicionEspecial, estadoPersona) values (74, 'Desirae', 'Bertina', 'Butterfint', 'Jorg', '406-16-5127', 'bjorg21@freewebs.com', '1964-07-08', 'F', '06889 Farwell Junction', 1, 'A');
insert into Persona (idPersona, pnombre, snombre, papellido, sapellido, identidad, correo, fechaNacimiento, genero, direccion, idCondicionEspecial, estadoPersona) values (75, 'Rochette', 'Collen', 'Rhyme', 'Cowling', '418-48-8579', 'ccowling22@facebook.com', '1996-11-23', 'F', '10647 Steensland Street', 4, 'A');
insert into Persona (idPersona, pnombre, snombre, papellido, sapellido, identidad, correo, fechaNacimiento, genero, direccion, idCondicionEspecial, estadoPersona) values (76, 'Harper', 'Odo', 'Halden', 'Brittoner', '815-73-5095', 'obrittoner23@auda.org.au', '1992-03-22', 'M', '0204 Myrtle Parkway', 2, 'A');
insert into Persona (idPersona, pnombre, snombre, papellido, sapellido, identidad, correo, fechaNacimiento, genero, direccion, idCondicionEspecial, estadoPersona) values (77, 'Grissel', 'Carolina', 'Orum', 'Tixier', '735-88-5471', 'ctixier24@networksolutions.com', '1964-11-25', 'F', '476 Fuller Street', 4, 'A');
insert into Persona (idPersona, pnombre, snombre, papellido, sapellido, identidad, correo, fechaNacimiento, genero, direccion, idCondicionEspecial, estadoPersona) values (78, 'Lucia', 'Desirae', 'Willingale', 'Shardlow', '799-19-7193', 'dshardlow25@addtoany.com', '2001-08-15', 'F', '38 Schurz Crossing', 1, 'A');
insert into Persona (idPersona, pnombre, snombre, papellido, sapellido, identidad, correo, fechaNacimiento, genero, direccion, idCondicionEspecial, estadoPersona) values (79, 'Loni', 'Jolyn', 'Inns', 'Duncanson', '552-82-5310', 'jduncanson26@netvibes.com', '1964-07-21', 'F', '5758 Clarendon Plaza', 3, 'A');
insert into Persona (idPersona, pnombre, snombre, papellido, sapellido, identidad, correo, fechaNacimiento, genero, direccion, idCondicionEspecial, estadoPersona) values (80, 'Dawna', 'Zarah', 'Branscombe', 'Ranken', '787-63-9693', 'zranken27@gnu.org', '1981-01-22', 'F', '6806 Vernon Place', 4, 'A');
insert into Persona (idPersona, pnombre, snombre, papellido, sapellido, identidad, correo, fechaNacimiento, genero, direccion, idCondicionEspecial, estadoPersona) values (81, 'Dougy', 'Neal', 'Sickling', 'Peschka', '765-57-9581', 'npeschka28@sohu.com', '1970-11-13', 'M', '028 Clyde Gallagher Point', 4, 'A');
insert into Persona (idPersona, pnombre, snombre, papellido, sapellido, identidad, correo, fechaNacimiento, genero, direccion, idCondicionEspecial, estadoPersona) values (82, 'Alvina', 'Latashia', 'Bech', 'Mortimer', '892-14-6462', 'lmortimer29@geocities.jp', '1965-01-29', 'F', '1612 5th Crossing', 5, 'A');
insert into Persona (idPersona, pnombre, snombre, papellido, sapellido, identidad, correo, fechaNacimiento, genero, direccion, idCondicionEspecial, estadoPersona) values (83, 'Vernon', 'Archambault', 'Heskey', 'Learoyd', '491-17-2604', 'alearoyd2a@gnu.org', '2000-08-07', 'M', '4391 Briar Crest Terrace', 2, 'A');
insert into Persona (idPersona, pnombre, snombre, papellido, sapellido, identidad, correo, fechaNacimiento, genero, direccion, idCondicionEspecial, estadoPersona) values (84, 'Glyn', 'Bendick', 'McCoid', 'Duplain', '444-22-7514', 'bduplain2b@nhs.uk', '1995-01-05', 'M', '42265 Bluejay Plaza', 3, 'A');
insert into Persona (idPersona, pnombre, snombre, papellido, sapellido, identidad, correo, fechaNacimiento, genero, direccion, idCondicionEspecial, estadoPersona) values (85, 'Bendick', 'Brose', 'Brauninger', 'Aronstein', '110-71-3770', 'baronstein2c@bing.com', '1964-03-12', 'M', '0273 Vahlen Hill', 1, 'A');
insert into Persona (idPersona, pnombre, snombre, papellido, sapellido, identidad, correo, fechaNacimiento, genero, direccion, idCondicionEspecial, estadoPersona) values (86, 'Kendal', 'Simon', 'Nuzzetti', 'Gerrett', '635-81-8207', 'sgerrett2d@blogs.com', '1971-08-13', 'M', '02 Toban Terrace', 1, 'A');
insert into Persona (idPersona, pnombre, snombre, papellido, sapellido, identidad, correo, fechaNacimiento, genero, direccion, idCondicionEspecial, estadoPersona) values (87, 'Eveleen', 'Roberta', 'Bassano', 'Larmet', '111-44-0893', 'rlarmet2e@answers.com', '1963-07-20', 'F', '21298 Union Court', 1, 'A');
insert into Persona (idPersona, pnombre, snombre, papellido, sapellido, identidad, correo, fechaNacimiento, genero, direccion, idCondicionEspecial, estadoPersona) values (88, 'Keane', 'Hill', 'Wannell', 'Killough', '395-52-9735', 'hkillough2f@yolasite.com', '1981-03-09', 'M', '56543 Cottonwood Terrace', 3, 'A');
insert into Persona (idPersona, pnombre, snombre, papellido, sapellido, identidad, correo, fechaNacimiento, genero, direccion, idCondicionEspecial, estadoPersona) values (89, 'Cassie', 'Mahmud', 'Jewess', 'Frape', '478-19-1102', 'mfrape2g@themeforest.net', '1990-04-22', 'M', '4556 Stoughton Terrace', 3, 'A');
insert into Persona (idPersona, pnombre, snombre, papellido, sapellido, identidad, correo, fechaNacimiento, genero, direccion, idCondicionEspecial, estadoPersona) values (90, 'Bertrand', 'Drake', 'Sleaford', 'Inchcomb', '377-45-6421', 'dinchcomb2h@princeton.edu', '1981-02-24', 'M', '5317 Karstens Way', 4, 'A');
insert into Persona (idPersona, pnombre, snombre, papellido, sapellido, identidad, correo, fechaNacimiento, genero, direccion, idCondicionEspecial, estadoPersona) values (91, 'Glynnis', 'Goldy', 'Forgie', 'Couthard', '438-04-9132', 'gcouthard2i@usda.gov', '1964-08-18', 'F', '36997 Kingsford Court', 5, 'A');
insert into Persona (idPersona, pnombre, snombre, papellido, sapellido, identidad, correo, fechaNacimiento, genero, direccion, idCondicionEspecial, estadoPersona) values (92, 'Rossy', 'Benji', 'Eggerton', 'Stansbury', '594-31-2502', 'bstansbury2j@unc.edu', '1987-11-25', 'M', '12951 Crownhardt Point', 1, 'A');
insert into Persona (idPersona, pnombre, snombre, papellido, sapellido, identidad, correo, fechaNacimiento, genero, direccion, idCondicionEspecial, estadoPersona) values (93, 'Neale', 'Eduard', 'Chape', 'Saundercock', '554-02-2710', 'esaundercock2k@wufoo.com', '1999-10-02', 'M', '3 Menomonie Junction', 1, 'A');
insert into Persona (idPersona, pnombre, snombre, papellido, sapellido, identidad, correo, fechaNacimiento, genero, direccion, idCondicionEspecial, estadoPersona) values (94, 'Kelcey', 'Charleen', 'Gillmor', 'Battams', '459-82-5716', 'cbattams2l@arstechnica.com', '1992-01-20', 'F', '1014 Hintze Crossing', 2, 'A');
insert into Persona (idPersona, pnombre, snombre, papellido, sapellido, identidad, correo, fechaNacimiento, genero, direccion, idCondicionEspecial, estadoPersona) values (95, 'Jedd', 'Keene', 'Scudders', 'Meade', '158-58-7304', 'kmeade2m@behance.net', '1997-10-04', 'M', '81938 Sunnyside Center', 5, 'A');
insert into Persona (idPersona, pnombre, snombre, papellido, sapellido, identidad, correo, fechaNacimiento, genero, direccion, idCondicionEspecial, estadoPersona) values (96, 'Jayme', 'Gilligan', 'Keneford', 'Fouracre', '428-46-9009', 'gfouracre2n@people.com.cn', '1960-10-12', 'F', '88 Rieder Lane', 3, 'A');
insert into Persona (idPersona, pnombre, snombre, papellido, sapellido, identidad, correo, fechaNacimiento, genero, direccion, idCondicionEspecial, estadoPersona) values (97, 'Anselm', 'Ab', 'Scullard', 'Loukes', '709-24-8039', 'aloukes2o@npr.org', '1965-04-19', 'M', '0129 Waubesa Avenue', 4, 'A');
insert into Persona (idPersona, pnombre, snombre, papellido, sapellido, identidad, correo, fechaNacimiento, genero, direccion, idCondicionEspecial, estadoPersona) values (98, 'Sheila-kathryn', 'Kathlin', 'Niche', 'Hargrove', '469-82-9739', 'khargrove2p@bloglines.com', '1992-12-28', 'F', '9502 Wayridge Street', 4, 'A');
insert into Persona (idPersona, pnombre, snombre, papellido, sapellido, identidad, correo, fechaNacimiento, genero, direccion, idCondicionEspecial, estadoPersona) values (99, 'Linell', 'Sascha', 'Adamovitz', 'Copnell', '606-36-6493', 'scopnell2q@netscape.com', '1960-01-07', 'F', '778 Utah Avenue', 5, 'A');
insert into Persona (idPersona, pnombre, snombre, papellido, sapellido, identidad, correo, fechaNacimiento, genero, direccion, idCondicionEspecial, estadoPersona) values (100, 'Kevan', 'Rodge', 'Heinlein', 'Lathe', '823-02-0698', 'rlathe2r@shop-pro.jp', '1982-07-21', 'M', '32 Clyde Gallagher Center', 4, 'A');


--tabla Empleado
insert into Empleado (idEmpleado, idPersona, idTipoEmpleado, idSucursal, Usuario, contrasenia, direccionImagen, fechaRegistro, estadoEmpleado) values (1, 1, 4, 1, 'wsheldrake0', 'asd.456', '../img/empleados/1.jpg', '2019-07-05', 'A');
insert into Empleado (idEmpleado, idPersona, idTipoEmpleado, idSucursal, Usuario, contrasenia, direccionImagen, fechaRegistro, estadoEmpleado) values (2, 2, 3, 1, 'adugald1', 'asd.456', '../img/empleados/2.jpg', '2019-07-09', 'A');
insert into Empleado (idEmpleado, idPersona, idTipoEmpleado, idSucursal, Usuario, contrasenia, direccionImagen, fechaRegistro, estadoEmpleado) values (3, 3, 3, 1, 'atofts2', 'asd.456', '../img/empleados/3.jpg', '2019-07-06', 'A');
insert into Empleado (idEmpleado, idPersona, idTipoEmpleado, idSucursal, Usuario, contrasenia, direccionImagen, fechaRegistro, estadoEmpleado) values (4, 4, 2, 1, 'dduffet3', 'asd.456', '../img/empleados/4.jpg', '2019-07-07', 'A');
insert into Empleado (idEmpleado, idPersona, idTipoEmpleado, idSucursal, Usuario, contrasenia, direccionImagen, fechaRegistro, estadoEmpleado) values (5, 5, 3, 1, 'wcarlino4', 'asd.456', '../img/empleados/5.jpg', '2019-07-03', 'A');
insert into Empleado (idEmpleado, idPersona, idTipoEmpleado, idSucursal, Usuario, contrasenia, direccionImagen, fechaRegistro, estadoEmpleado) values (6, 6, 1, 1, 'ldifrisco5', 'asd.456', '../img/empleados/6.jpg', '2019-07-05', 'A');
insert into Empleado (idEmpleado, idPersona, idTipoEmpleado, idSucursal, Usuario, contrasenia, direccionImagen, fechaRegistro, estadoEmpleado) values (7, 7, 4, 1, 'tkeary6', 'asd.456', '../img/empleados/7.jpg', '2019-07-07', 'A');
insert into Empleado (idEmpleado, idPersona, idTipoEmpleado, idSucursal, Usuario, contrasenia, direccionImagen, fechaRegistro, estadoEmpleado) values (8, 8, 2, 1, 'rfatharly7', 'asd.456', '../img/empleados/8.jpg', '2019-07-05', 'A');
insert into Empleado (idEmpleado, idPersona, idTipoEmpleado, idSucursal, Usuario, contrasenia, direccionImagen, fechaRegistro, estadoEmpleado) values (9, 9, 3, 1, 'rhenworth8', 'asd.456', '../img/empleados/9.jpg', '2019-07-06', 'A');
insert into Empleado (idEmpleado, idPersona, idTipoEmpleado, idSucursal, Usuario, contrasenia, direccionImagen, fechaRegistro, estadoEmpleado) values (10, 10, 2, 1, 'nnertney9', 'asd.456', '../img/empleados/10.jpg', '2019-07-04', 'A');
insert into Empleado (idEmpleado, idPersona, idTipoEmpleado, idSucursal, Usuario, contrasenia, direccionImagen, fechaRegistro, estadoEmpleado) values (11, 11, 1, 1, 'cingreea', 'asd.456', '../img/empleados/11.jpg', '2019-07-06', 'A');
insert into Empleado (idEmpleado, idPersona, idTipoEmpleado, idSucursal, Usuario, contrasenia, direccionImagen, fechaRegistro, estadoEmpleado) values (12, 12, 4, 1, 'cblakistonb', 'asd.456', '../img/empleados/12.jpg', '2019-07-08', 'A');
insert into Empleado (idEmpleado, idPersona, idTipoEmpleado, idSucursal, Usuario, contrasenia, direccionImagen, fechaRegistro, estadoEmpleado) values (13, 13, 2, 1, 'fworswickc', 'asd.456', '../img/empleados/13.jpg', '2019-07-08', 'A');
insert into Empleado (idEmpleado, idPersona, idTipoEmpleado, idSucursal, Usuario, contrasenia, direccionImagen, fechaRegistro, estadoEmpleado) values (14, 14, 4, 1, 'mcholonind', 'asd.456', '../img/empleados/14.jpg', '2019-07-07', 'A');
insert into Empleado (idEmpleado, idPersona, idTipoEmpleado, idSucursal, Usuario, contrasenia, direccionImagen, fechaRegistro, estadoEmpleado) values (15, 15, 2, 1, 'vfinchere', 'asd.456', '../img/empleados/15.jpg', '2019-07-04', 'A');
insert into Empleado (idEmpleado, idPersona, idTipoEmpleado, idSucursal, Usuario, contrasenia, direccionImagen, fechaRegistro, estadoEmpleado) values (16, 16, 2, 1, 'scarlosf', 'asd.456', '../img/empleados/16.jpg', '2019-07-10', 'A');
insert into Empleado (idEmpleado, idPersona, idTipoEmpleado, idSucursal, Usuario, contrasenia, direccionImagen, fechaRegistro, estadoEmpleado) values (17, 17, 1, 1, 'dtremblettg', 'asd.456', '../img/empleados/17.jpg', '2019-07-06', 'A');
insert into Empleado (idEmpleado, idPersona, idTipoEmpleado, idSucursal, Usuario, contrasenia, direccionImagen, fechaRegistro, estadoEmpleado) values (18, 18, 2, 1, 'gfarrahh', 'asd.456', '../img/empleados/18.jpg', '2019-07-03', 'A');
insert into Empleado (idEmpleado, idPersona, idTipoEmpleado, idSucursal, Usuario, contrasenia, direccionImagen, fechaRegistro, estadoEmpleado) values (19, 19, 2, 1, 'eiozefovichi', 'asd.456', '../img/empleados/19.jpg', '2019-07-04', 'A');
insert into Empleado (idEmpleado, idPersona, idTipoEmpleado, idSucursal, Usuario, contrasenia, direccionImagen, fechaRegistro, estadoEmpleado) values (20, 20, 3, 1, 'nhounsonj', 'asd.456', '../img/empleados/20.jpg', '2019-07-01', 'A');

--Tabla Inventario
insert into Inventario (idInventario, descripcion, idSucursal, estadoInventario) values (1, 'Inventario X', 1, 'A');
insert into Inventario (idInventario, descripcion, idSucursal, estadoInventario) values (2, 'Inventario Y', 1, 'A');
insert into Inventario (idInventario, descripcion, idSucursal, estadoInventario) values (3, 'Inventario Z', 1, 'A');

--Tabla PresentacionProducto
insert into PresentacionProducto (idPresentacionProducto, descripcion) values (1, 'Caja');
insert into PresentacionProducto (idPresentacionProducto, descripcion) values (2, 'Blister');
insert into PresentacionProducto (idPresentacionProducto, descripcion) values (3, 'Unidad');
insert into PresentacionProducto (idPresentacionProducto, descripcion) values (4, 'Bote');

--Tabla Producto
insert into Producto (idProducto, nombreProducto, fechaElaboracion, fechaVencimiento, serie, direccionImagen, idInventario, fechaRegistro, idPresentacion, estadoProducto) values (1, 'Paracetamol', '2018-08-15', '2018-09-29', '212-76-5376', '../img/productos/1.jpg', 1, '2018-11-18', 1, 'A');
insert into Producto (idProducto, nombreProducto, fechaElaboracion, fechaVencimiento, serie, direccionImagen, idInventario, fechaRegistro, idPresentacion, estadoProducto) values (2, 'Sudagrip', '2018-07-17', '2018-12-07', '789-75-2041', '../img/productos/2.jpg', 1, '2018-10-22', 3, 'A');
insert into Producto (idProducto, nombreProducto, fechaElaboracion, fechaVencimiento, serie, direccionImagen, idInventario, fechaRegistro, idPresentacion, estadoProducto) values (3, 'Loratadina', '2018-11-02', '2019-02-08', '782-62-1704', '../img/productos/3.jpg', 1, '2018-09-07', 3, 'A');
insert into Producto (idProducto, nombreProducto, fechaElaboracion, fechaVencimiento, serie, direccionImagen, idInventario, fechaRegistro, idPresentacion, estadoProducto) values (4, 'Aspirina', '2018-09-10', '2018-10-18', '329-89-1748', '../img/productos/4.jpg', 1, '2019-05-14', 1, 'A');

--Tabla Precio_X_Presentacion
insert into Precio_X_Presentacion (idPrecioPresentacion, idProducto, idPresentacionProducto, precioVenta, cantidad, fechaVigencia, fechaFin) values (1, 1, 1, '22.48', 5, '4/18/2019', '10/5/2018');
insert into Precio_X_Presentacion (idPrecioPresentacion, idProducto, idPresentacionProducto, precioVenta, cantidad, fechaVigencia, fechaFin) values (2, 1, 3, '30.12', 10, '11/9/2018', '12/24/2018');
insert into Precio_X_Presentacion (idPrecioPresentacion, idProducto, idPresentacionProducto, precioVenta, cantidad, fechaVigencia, fechaFin) values (3, 1, 1, '45.01', 9, '1/8/2019', '10/29/2018');
insert into Precio_X_Presentacion (idPrecioPresentacion, idProducto, idPresentacionProducto, precioVenta, cantidad, fechaVigencia, fechaFin) values (4, 2, 3, '21.96', 8, '5/15/2019', '1/26/2019');
insert into Precio_X_Presentacion (idPrecioPresentacion, idProducto, idPresentacionProducto, precioVenta, cantidad, fechaVigencia, fechaFin) values (5, 2, 2, '13.65', 7, '10/9/2018', '10/1/2018');
insert into Precio_X_Presentacion (idPrecioPresentacion, idProducto, idPresentacionProducto, precioVenta, cantidad, fechaVigencia, fechaFin) values (6, 3, 2, '24.23', 5, '8/11/2018', '2/1/2019');
insert into Precio_X_Presentacion (idPrecioPresentacion, idProducto, idPresentacionProducto, precioVenta, cantidad, fechaVigencia, fechaFin) values (7, 3, 1, '29.46', 2, '10/2/2018', '6/12/2019');
insert into Precio_X_Presentacion (idPrecioPresentacion, idProducto, idPresentacionProducto, precioVenta, cantidad, fechaVigencia, fechaFin) values (8, 4, 2, '3.33', 5, '3/9/2019', '1/13/2019');

--Tabla Medicamento
insert into Medicamento (idMedicamento, indicacion, elaboracion, idProducto) values (1, 'Tomar una vez al dia', 'Ingrediente 1 ingrediente 2', 1);
insert into Medicamento (idMedicamento, indicacion, elaboracion, idProducto) values (2, 'Tomar dos veces al dia', 'Ingrediente 1 ingrediente 2', 2);
insert into Medicamento (idMedicamento, indicacion, elaboracion, idProducto) values (3, 'tomar cada 8 horas', 'Ingrediente 1 ingrediente 2', 3);
insert into Medicamento (idMedicamento, indicacion, elaboracion, idProducto) values (4, 'Tomar una vez al dia', 'Ingrediente 1 ingrediente 2', 4);
